{"cameraMode":{"drawMode":0,"name":"Shaded","section":"Shading Mode"},"sceneLighting":true,"audioPlay":false,"sceneViewState":{"m_AlwaysRefresh":false,"showFog":true,"showSkybox":true,"showFlares":true,"showImageEffects":true,"showParticleSystems":true,"showVisualEffectGraphs":true,"m_FxEnabled":true},"in2DMode":false,"pivot":{"x":-0.3032754063606262,"y":0.7243778705596924,"z":3.9233224391937258},"rotation":{"x":0.03147943690419197,"y":-0.9651869535446167,"z":0.13779474794864655,"w":0.22037167847156526},"size":0.08660262823104859,"orthographic":false}